
[
    {
      "id": 1,
      "clientName": "Alice",
      "location": "Mumbai",
      "date": "2024-11-24",
      "status": "Pending"
    },
    {
      "id": 2,
      "clientName": "Bob",
      "location": "Pune",
      "date": "2024-11-25",
      "status": "Pending"
    },
    {
      "id": 3,
      "clientName": "Bob",
      "location": "Pune",
      "date": "2024-11-25",
      "status": "Pending"
    },
    {
      "id": 4,
      "clientName": "Bob",
      "location": "Pune",
      "date": "2024-11-25",
      "status": "Pending"
    },
    {
      "id": 5,
      "clientName": "Charlie",
      "location": "Delhi",
      "date": "2024-11-26",
      "status": "Accepted"
    }
  ]
  